Bin,Original Data,Min-Max Normalized,Z-Score Normalized
Bin 1,27,0,-1.16248
Bin 1,30,0.428571,-0.116248
Bin 1,34,1,1.27872

Bin 2,40,0,-0.889001
Bin 2,41,0.166667,-0.508001
Bin 2,46,1,1.397

Bin 3,49,0,-1.22474
Bin 3,50,0.5,0
Bin 3,51,1,1.22474

